<?xml version="1.0"?>
<mods xmlns="http://www.loc.gov/mods/v3" xmlns:mods="http://www.loc.gov/mods/v3" xmlns:xsi="http://www.w3.org/2001/XMLSchema-instance" xmlns:xlink="http://www.w3.org/1999/xlink">
  <titleInfo>
    <title>This must be the place</title>
    <subTitle></subTitle>
  </titleInfo>
  <name type="personal">
    <namePart>Tim Mossholder</namePart>
    <role>
      <roleTerm authority="marcrelator" type="text">Photographer</roleTerm>
    </role>
  </name>
  <name type="corporate">
    <namePart>Pexels</namePart>
    <role>
      <roleTerm authority="marcrelator" type="text">Publisher</roleTerm>
    </role>
  </name>
  <typeOfResource>still image</typeOfResource>
  <genre authority="lctgm">Neon signs</genre>
  <originInfo>
    <dateIssued>2018-02-01</dateIssued>
    <publisher>Pexels</publisher>
    <place>
      <placeTerm authority="marccountry" type="code">United States of America</placeTerm>
    </place>
    <place>
      <placeTerm type="text">San Francisco</placeTerm>
    </place>
  </originInfo>
  <language>
    <languageTerm authority="iso639-2b" type="code">eng</languageTerm>
  </language>
  <abstract>A neon sign on a wall that states "this must be the place".</abstract>
  <identifier type="local"></identifier>
  <physicalDescription>
    <form authority="marcform">nonprojected graphic</form>
    <extent>1 item</extent>
  </physicalDescription>
  <note>This must be the place... where they hung that sign.</note>
  <subject>
    <topic>Neon signs</topic>
    <geographic>Los Angeles</geographic>
    <temporal></temporal>
    <hierarchicalGeographic>
      <continent>North America</continent>
      <country>United States of America</country>
      <province>California</province>
      <region>Southwest</region>
      <county>Los Angeles County</county>
      <city>Los Angeles</city>
      <citySection>Downtown</citySection>
    </hierarchicalGeographic>
    <cartographics>
      <coordinates></coordinates>
    </cartographics>
  </subject>
</mods>